,Accuracy,Precision,Recall,F1-Score,ROC-AUC
Logistic Regression,0.4006237324455669,0.39868989950445605,0.4006237324455669,0.39875968519972155,0.5768360735278766
Random Forest,0.9848084796999962,0.9849277511973982,0.9848084796999962,0.9848234529149476,0.9995019377915997
XGBoost,0.97753797880075,0.9776548461268367,0.97753797880075,0.9775537893424304,0.9992352893100785
